Actual,Predicted
362.89,350.5671
356.90000000000003,352.33813
358.43,354.30826
346.46,356.40952
342.69,356.9949
344.27,356.22696
332.05,354.91785
284.7,352.05286
295.14,343.35977
308.58,333.53833
326.09,325.5392
326.43,321.43552
319.11,320.23438
