Actual,Predicted
362.89,341.64017
356.90000000000003,343.38458
358.43,345.35364
346.46,347.45013
342.69,347.9551
344.27,347.09903
332.05,345.7696
284.7,342.90625
295.14,334.10345
308.58,324.4137
326.09,316.85693
326.43,313.4395
319.11,312.9446
